timestamp,kw
2026-09-07 00:00,1.600
2026-09-07 00:15,1.876
2026-09-07 00:30,1.687
2026-09-07 00:45,1.663
2026-09-07 01:00,1.819
2026-09-07 01:15,1.760
2026-09-07 01:30,1.699
2026-09-07 01:45,1.826
2026-09-07 02:00,1.827
2026-09-07 02:15,1.763
2026-09-07 02:30,1.805
2026-09-07 02:45,1.791
2026-09-07 03:00,1.845
2026-09-07 03:15,1.673
2026-09-07 03:30,1.712
2026-09-07 03:45,1.812
2026-09-07 04:00,1.809
2026-09-07 04:15,1.616
2026-09-07 04:30,1.805
2026-09-07 04:45,1.740
2026-09-07 05:00,1.877
2026-09-07 05:15,1.842
2026-09-07 05:30,1.637
2026-09-07 05:45,1.754
2026-09-07 06:00,1.877
2026-09-07 06:15,1.807
2026-09-07 06:30,1.793
2026-09-07 06:45,1.773
2026-09-07 07:00,1.874
2026-09-07 07:15,1.873
2026-09-07 07:30,1.712
2026-09-07 07:45,1.701
2026-09-07 08:00,7.183
2026-09-07 08:15,7.168
2026-09-07 08:30,7.471
2026-09-07 08:45,8.106
2026-09-07 09:00,8.581
2026-09-07 09:15,7.987
2026-09-07 09:30,8.579
2026-09-07 09:45,8.419
2026-09-07 10:00,8.618
2026-09-07 10:15,8.924
2026-09-07 10:30,9.764
2026-09-07 10:45,9.119
2026-09-07 11:00,9.351
2026-09-07 11:15,9.612
2026-09-07 11:30,9.830
2026-09-07 11:45,9.720
2026-09-07 12:00,10.122
2026-09-07 12:15,10.361
2026-09-07 12:30,10.231
2026-09-07 12:45,10.407
2026-09-07 13:00,10.270
2026-09-07 13:15,10.064
2026-09-07 13:30,10.118
2026-09-07 13:45,10.057
2026-09-07 14:00,10.641
2026-09-07 14:15,10.319
2026-09-07 14:30,9.823
2026-09-07 14:45,9.427
2026-09-07 15:00,9.717
2026-09-07 15:15,9.413
2026-09-07 15:30,9.676
2026-09-07 15:45,9.762
2026-09-07 16:00,9.796
2026-09-07 16:15,9.644
2026-09-07 16:30,8.794
2026-09-07 16:45,8.351
2026-09-07 17:00,7.926
2026-09-07 17:15,8.112
2026-09-07 17:30,8.196
2026-09-07 17:45,7.712
2026-09-07 18:00,7.547
2026-09-07 18:15,7.831
2026-09-07 18:30,2.836
2026-09-07 18:45,2.827
2026-09-07 19:00,2.561
2026-09-07 19:15,2.714
2026-09-07 19:30,2.511
2026-09-07 19:45,2.477
2026-09-07 20:00,2.086
2026-09-07 20:15,2.230
2026-09-07 20:30,1.896
2026-09-07 20:45,2.011
2026-09-07 21:00,1.770
2026-09-07 21:15,1.804
2026-09-07 21:30,1.680
2026-09-07 21:45,1.667
2026-09-07 22:00,1.663
2026-09-07 22:15,1.769
2026-09-07 22:30,1.616
2026-09-07 22:45,1.831
2026-09-07 23:00,1.810
2026-09-07 23:15,1.814
2026-09-07 23:30,1.749
2026-09-07 23:45,1.610
2026-09-08 00:00,1.633
2026-09-08 00:15,1.876
2026-09-08 00:30,1.639
2026-09-08 00:45,1.806
2026-09-08 01:00,1.868
2026-09-08 01:15,1.611
2026-09-08 01:30,1.865
2026-09-08 01:45,1.858
2026-09-08 02:00,1.898
2026-09-08 02:15,1.886
2026-09-08 02:30,1.829
2026-09-08 02:45,1.726
2026-09-08 03:00,1.674
2026-09-08 03:15,1.818
2026-09-08 03:30,1.865
2026-09-08 03:45,1.719
2026-09-08 04:00,1.670
2026-09-08 04:15,1.721
2026-09-08 04:30,1.866
2026-09-08 04:45,1.768
2026-09-08 05:00,1.705
2026-09-08 05:15,1.786
2026-09-08 05:30,1.820
2026-09-08 05:45,1.701
2026-09-08 06:00,1.818
2026-09-08 06:15,1.727
2026-09-08 06:30,1.660
2026-09-08 06:45,1.694
2026-09-08 07:00,1.896
2026-09-08 07:15,1.898
2026-09-08 07:30,1.790
2026-09-08 07:45,1.862
2026-09-08 08:00,7.075
2026-09-08 08:15,7.153
2026-09-08 08:30,7.754
2026-09-08 08:45,8.445
2026-09-08 09:00,7.816
2026-09-08 09:15,7.996
2026-09-08 09:30,8.622
2026-09-08 09:45,8.775
2026-09-08 10:00,8.880
2026-09-08 10:15,8.722
2026-09-08 10:30,9.272
2026-09-08 10:45,9.583
2026-09-08 11:00,9.268
2026-09-08 11:15,9.706
2026-09-08 11:30,9.994
2026-09-08 11:45,10.465
2026-09-08 12:00,10.347
2026-09-08 12:15,9.780
2026-09-08 12:30,10.354
2026-09-08 12:45,10.682
2026-09-08 13:00,9.739
2026-09-08 13:15,9.732
2026-09-08 13:30,9.627
2026-09-08 13:45,10.694
2026-09-08 14:00,9.716
2026-09-08 14:15,10.202
2026-09-08 14:30,9.922
2026-09-08 14:45,10.024
2026-09-08 15:00,10.175
2026-09-08 15:15,9.614
2026-09-08 15:30,9.194
2026-09-08 15:45,10.016
2026-09-08 16:00,9.612
2026-09-08 16:15,8.745
2026-09-08 16:30,8.956
2026-09-08 16:45,8.229
2026-09-08 17:00,8.630
2026-09-08 17:15,8.343
2026-09-08 17:30,7.858
2026-09-08 17:45,7.706
2026-09-08 18:00,7.055
2026-09-08 18:15,7.040
2026-09-08 18:30,2.870
2026-09-08 18:45,2.957
2026-09-08 19:00,2.793
2026-09-08 19:15,2.669
2026-09-08 19:30,2.451
2026-09-08 19:45,2.456
2026-09-08 20:00,2.369
2026-09-08 20:15,2.200
2026-09-08 20:30,2.039
2026-09-08 20:45,1.892
2026-09-08 21:00,1.704
2026-09-08 21:15,1.722
2026-09-08 21:30,1.749
2026-09-08 21:45,1.748
2026-09-08 22:00,1.770
2026-09-08 22:15,1.817
2026-09-08 22:30,1.800
2026-09-08 22:45,1.790
2026-09-08 23:00,1.819
2026-09-08 23:15,1.865
2026-09-08 23:30,1.854
2026-09-08 23:45,1.896
2026-09-09 00:00,1.731
2026-09-09 00:15,1.746
2026-09-09 00:30,1.887
2026-09-09 00:45,1.893
2026-09-09 01:00,1.707
2026-09-09 01:15,1.624
2026-09-09 01:30,1.703
2026-09-09 01:45,1.865
2026-09-09 02:00,1.813
2026-09-09 02:15,1.821
2026-09-09 02:30,1.887
2026-09-09 02:45,1.836
2026-09-09 03:00,1.662
2026-09-09 03:15,1.671
2026-09-09 03:30,1.840
2026-09-09 03:45,1.631
2026-09-09 04:00,1.875
2026-09-09 04:15,1.840
2026-09-09 04:30,1.791
2026-09-09 04:45,1.813
2026-09-09 05:00,1.761
2026-09-09 05:15,1.733
2026-09-09 05:30,1.862
2026-09-09 05:45,1.769
2026-09-09 06:00,1.862
2026-09-09 06:15,1.681
2026-09-09 06:30,1.806
2026-09-09 06:45,1.730
2026-09-09 07:00,1.719
2026-09-09 07:15,1.656
2026-09-09 07:30,1.777
2026-09-09 07:45,1.669
2026-09-09 08:00,7.692
2026-09-09 08:15,7.608
2026-09-09 08:30,7.426
2026-09-09 08:45,8.281
2026-09-09 09:00,7.616
2026-09-09 09:15,7.837
2026-09-09 09:30,9.007
2026-09-09 09:45,8.364
2026-09-09 10:00,9.274
2026-09-09 10:15,8.640
2026-09-09 10:30,8.844
2026-09-09 10:45,9.634
2026-09-09 11:00,9.299
2026-09-09 11:15,9.893
2026-09-09 11:30,10.032
2026-09-09 11:45,10.257
2026-09-09 12:00,10.337
2026-09-09 12:15,9.746
2026-09-09 12:30,10.152
2026-09-09 12:45,10.215
2026-09-09 13:00,9.890
2026-09-09 13:15,10.415
2026-09-09 13:30,10.075
2026-09-09 13:45,9.891
2026-09-09 14:00,10.139
2026-09-09 14:15,10.364
2026-09-09 14:30,9.739
2026-09-09 14:45,10.080
2026-09-09 15:00,9.870
2026-09-09 15:15,10.129
2026-09-09 15:30,10.071
2026-09-09 15:45,9.247
2026-09-09 16:00,9.011
2026-09-09 16:15,9.457
2026-09-09 16:30,8.633
2026-09-09 16:45,8.385
2026-09-09 17:00,9.054
2026-09-09 17:15,8.260
2026-09-09 17:30,7.574
2026-09-09 17:45,7.968
2026-09-09 18:00,7.413
2026-09-09 18:15,7.195
2026-09-09 18:30,2.816
2026-09-09 18:45,2.693
2026-09-09 19:00,2.588
2026-09-09 19:15,2.629
2026-09-09 19:30,2.460
2026-09-09 19:45,2.442
2026-09-09 20:00,2.298
2026-09-09 20:15,2.113
2026-09-09 20:30,2.050
2026-09-09 20:45,1.836
2026-09-09 21:00,1.784
2026-09-09 21:15,1.890
2026-09-09 21:30,1.831
2026-09-09 21:45,1.889
2026-09-09 22:00,1.813
2026-09-09 22:15,1.781
2026-09-09 22:30,1.841
2026-09-09 22:45,1.651
2026-09-09 23:00,1.620
2026-09-09 23:15,1.818
2026-09-09 23:30,1.794
2026-09-09 23:45,1.729
2026-09-10 00:00,1.763
2026-09-10 00:15,1.716
2026-09-10 00:30,1.748
2026-09-10 00:45,1.637
2026-09-10 01:00,1.620
2026-09-10 01:15,1.624
2026-09-10 01:30,1.706
2026-09-10 01:45,1.703
2026-09-10 02:00,1.660
2026-09-10 02:15,1.792
2026-09-10 02:30,1.638
2026-09-10 02:45,1.616
2026-09-10 03:00,1.600
2026-09-10 03:15,1.851
2026-09-10 03:30,1.861
2026-09-10 03:45,1.613
2026-09-10 04:00,1.830
2026-09-10 04:15,1.695
2026-09-10 04:30,1.721
2026-09-10 04:45,1.872
2026-09-10 05:00,1.839
2026-09-10 05:15,1.603
2026-09-10 05:30,1.898
2026-09-10 05:45,1.662
2026-09-10 06:00,1.793
2026-09-10 06:15,1.728
2026-09-10 06:30,1.610
2026-09-10 06:45,1.652
2026-09-10 07:00,1.827
2026-09-10 07:15,1.826
2026-09-10 07:30,1.675
2026-09-10 07:45,1.857
2026-09-10 08:00,7.162
2026-09-10 08:15,7.261
2026-09-10 08:30,8.005
2026-09-10 08:45,8.207
2026-09-10 09:00,8.501
2026-09-10 09:15,8.755
2026-09-10 09:30,9.100
2026-09-10 09:45,8.593
2026-09-10 10:00,8.828
2026-09-10 10:15,8.893
2026-09-10 10:30,9.553
2026-09-10 10:45,9.511
2026-09-10 11:00,10.013
2026-09-10 11:15,9.323
2026-09-10 11:30,9.280
2026-09-10 11:45,10.288
2026-09-10 12:00,10.434
2026-09-10 12:15,10.540
2026-09-10 12:30,10.149
2026-09-10 12:45,10.090
2026-09-10 13:00,10.504
2026-09-10 13:15,10.139
2026-09-10 13:30,9.986
2026-09-10 13:45,10.549
2026-09-10 14:00,9.869
2026-09-10 14:15,10.203
2026-09-10 14:30,10.242
2026-09-10 14:45,9.998
2026-09-10 15:00,10.006
2026-09-10 15:15,9.412
2026-09-10 15:30,9.126
2026-09-10 15:45,9.533
2026-09-10 16:00,9.547
2026-09-10 16:15,8.935
2026-09-10 16:30,8.535
2026-09-10 16:45,8.200
2026-09-10 17:00,8.420
2026-09-10 17:15,8.358
2026-09-10 17:30,8.063
2026-09-10 17:45,8.138
2026-09-10 18:00,7.433
2026-09-10 18:15,7.064
2026-09-10 18:30,2.931
2026-09-10 18:45,2.740
2026-09-10 19:00,2.742
2026-09-10 19:15,2.613
2026-09-10 19:30,2.546
2026-09-10 19:45,2.435
2026-09-10 20:00,2.228
2026-09-10 20:15,2.220
2026-09-10 20:30,2.045
2026-09-10 20:45,1.756
2026-09-10 21:00,1.787
2026-09-10 21:15,1.821
2026-09-10 21:30,1.867
2026-09-10 21:45,1.774
2026-09-10 22:00,1.890
2026-09-10 22:15,1.687
2026-09-10 22:30,1.898
2026-09-10 22:45,1.611
2026-09-10 23:00,1.631
2026-09-10 23:15,1.692
2026-09-10 23:30,1.857
2026-09-10 23:45,1.870
2026-09-11 00:00,1.817
2026-09-11 00:15,1.764
2026-09-11 00:30,1.672
2026-09-11 00:45,1.760
2026-09-11 01:00,1.833
2026-09-11 01:15,1.656
2026-09-11 01:30,1.844
2026-09-11 01:45,1.805
2026-09-11 02:00,1.774
2026-09-11 02:15,1.885
2026-09-11 02:30,1.692
2026-09-11 02:45,1.609
2026-09-11 03:00,1.820
2026-09-11 03:15,1.754
2026-09-11 03:30,1.784
2026-09-11 03:45,1.808
2026-09-11 04:00,1.805
2026-09-11 04:15,1.614
2026-09-11 04:30,1.812
2026-09-11 04:45,1.894
2026-09-11 05:00,1.854
2026-09-11 05:15,1.804
2026-09-11 05:30,1.770
2026-09-11 05:45,1.666
2026-09-11 06:00,1.789
2026-09-11 06:15,1.770
2026-09-11 06:30,1.732
2026-09-11 06:45,1.607
2026-09-11 07:00,1.859
2026-09-11 07:15,1.796
2026-09-11 07:30,1.893
2026-09-11 07:45,1.692
2026-09-11 08:00,7.762
2026-09-11 08:15,7.618
2026-09-11 08:30,7.349
2026-09-11 08:45,7.834
2026-09-11 09:00,8.066
2026-09-11 09:15,8.771
2026-09-11 09:30,8.233
2026-09-11 09:45,8.707
2026-09-11 10:00,8.675
2026-09-11 10:15,8.862
2026-09-11 10:30,9.405
2026-09-11 10:45,9.494
2026-09-11 11:00,9.698
2026-09-11 11:15,10.293
2026-09-11 11:30,10.169
2026-09-11 11:45,10.246
2026-09-11 12:00,10.142
2026-09-11 12:15,9.769
2026-09-11 12:30,10.374
2026-09-11 12:45,9.840
2026-09-11 13:00,10.013
2026-09-11 13:15,9.823
2026-09-11 13:30,10.127
2026-09-11 13:45,10.510
2026-09-11 14:00,10.354
2026-09-11 14:15,10.508
2026-09-11 14:30,9.751
2026-09-11 14:45,9.396
2026-09-11 15:00,9.970
2026-09-11 15:15,9.685
2026-09-11 15:30,9.904
2026-09-11 15:45,9.046
2026-09-11 16:00,9.292
2026-09-11 16:15,8.783
2026-09-11 16:30,8.782
2026-09-11 16:45,9.007
2026-09-11 17:00,8.248
2026-09-11 17:15,8.973
2026-09-11 17:30,8.391
2026-09-11 17:45,8.205
2026-09-11 18:00,7.439
2026-09-11 18:15,7.454
2026-09-11 18:30,2.939
2026-09-11 18:45,2.975
2026-09-11 19:00,2.694
2026-09-11 19:15,2.605
2026-09-11 19:30,2.518
2026-09-11 19:45,2.231
2026-09-11 20:00,2.131
2026-09-11 20:15,2.015
2026-09-11 20:30,2.091
2026-09-11 20:45,1.821
2026-09-11 21:00,1.899
2026-09-11 21:15,1.762
2026-09-11 21:30,1.639
2026-09-11 21:45,1.744
2026-09-11 22:00,1.752
2026-09-11 22:15,1.604
2026-09-11 22:30,1.763
2026-09-11 22:45,1.846
2026-09-11 23:00,1.730
2026-09-11 23:15,1.663
2026-09-11 23:30,1.620
2026-09-11 23:45,1.791
2026-09-12 00:00,2.631
2026-09-12 00:15,2.539
2026-09-12 00:30,2.750
2026-09-12 00:45,2.506
2026-09-12 01:00,2.774
2026-09-12 01:15,2.716
2026-09-12 01:30,2.767
2026-09-12 01:45,2.701
2026-09-12 02:00,2.705
2026-09-12 02:15,2.752
2026-09-12 02:30,2.583
2026-09-12 02:45,2.703
2026-09-12 03:00,2.640
2026-09-12 03:15,2.500
2026-09-12 03:30,2.537
2026-09-12 03:45,2.527
2026-09-12 04:00,2.518
2026-09-12 04:15,2.655
2026-09-12 04:30,2.536
2026-09-12 04:45,2.566
2026-09-12 05:00,2.608
2026-09-12 05:15,2.696
2026-09-12 05:30,2.573
2026-09-12 05:45,2.574
2026-09-12 06:00,2.715
2026-09-12 06:15,2.725
2026-09-12 06:30,2.704
2026-09-12 06:45,2.759
2026-09-12 07:00,2.554
2026-09-12 07:15,2.583
2026-09-12 07:30,2.664
2026-09-12 07:45,2.621
2026-09-12 08:00,2.678
2026-09-12 08:15,2.622
2026-09-12 08:30,2.665
2026-09-12 08:45,2.764
2026-09-12 09:00,2.756
2026-09-12 09:15,2.622
2026-09-12 09:30,2.608
2026-09-12 09:45,2.792
2026-09-12 10:00,2.722
2026-09-12 10:15,2.781
2026-09-12 10:30,2.572
2026-09-12 10:45,2.788
2026-09-12 11:00,2.777
2026-09-12 11:15,2.714
2026-09-12 11:30,2.670
2026-09-12 11:45,2.694
2026-09-12 12:00,2.768
2026-09-12 12:15,2.555
2026-09-12 12:30,2.644
2026-09-12 12:45,2.633
2026-09-12 13:00,2.731
2026-09-12 13:15,2.724
2026-09-12 13:30,2.708
2026-09-12 13:45,2.684
2026-09-12 14:00,2.502
2026-09-12 14:15,2.589
2026-09-12 14:30,2.728
2026-09-12 14:45,2.668
2026-09-12 15:00,2.510
2026-09-12 15:15,2.665
2026-09-12 15:30,2.778
2026-09-12 15:45,2.503
2026-09-12 16:00,2.786
2026-09-12 16:15,2.700
2026-09-12 16:30,2.664
2026-09-12 16:45,2.758
2026-09-12 17:00,2.775
2026-09-12 17:15,2.775
2026-09-12 17:30,2.517
2026-09-12 17:45,2.726
2026-09-12 18:00,2.609
2026-09-12 18:15,2.710
2026-09-12 18:30,2.527
2026-09-12 18:45,2.624
2026-09-12 19:00,2.524
2026-09-12 19:15,2.591
2026-09-12 19:30,2.611
2026-09-12 19:45,2.595
2026-09-12 20:00,1.717
2026-09-12 20:15,1.604
2026-09-12 20:30,1.719
2026-09-12 20:45,1.725
2026-09-12 21:00,1.840
2026-09-12 21:15,1.846
2026-09-12 21:30,1.616
2026-09-12 21:45,1.733
2026-09-12 22:00,1.772
2026-09-12 22:15,1.790
2026-09-12 22:30,1.641
2026-09-12 22:45,1.635
2026-09-12 23:00,1.721
2026-09-12 23:15,1.613
2026-09-12 23:30,1.683
2026-09-12 23:45,1.799
2026-09-13 00:00,1.656
2026-09-13 00:15,1.891
2026-09-13 00:30,1.866
2026-09-13 00:45,1.768
2026-09-13 01:00,1.647
2026-09-13 01:15,1.726
2026-09-13 01:30,1.810
2026-09-13 01:45,1.685
2026-09-13 02:00,1.731
2026-09-13 02:15,1.693
2026-09-13 02:30,1.717
2026-09-13 02:45,1.659
2026-09-13 03:00,1.602
2026-09-13 03:15,1.666
2026-09-13 03:30,1.787
2026-09-13 03:45,1.797
2026-09-13 04:00,1.609
2026-09-13 04:15,1.882
2026-09-13 04:30,1.626
2026-09-13 04:45,1.632
2026-09-13 05:00,1.817
2026-09-13 05:15,1.805
2026-09-13 05:30,1.804
2026-09-13 05:45,1.774
2026-09-13 06:00,1.882
2026-09-13 06:15,1.618
2026-09-13 06:30,1.673
2026-09-13 06:45,1.650
2026-09-13 07:00,1.710
2026-09-13 07:15,1.698
2026-09-13 07:30,1.661
2026-09-13 07:45,1.610
2026-09-13 08:00,1.646
2026-09-13 08:15,1.753
2026-09-13 08:30,1.891
2026-09-13 08:45,1.646
2026-09-13 09:00,1.755
2026-09-13 09:15,1.789
2026-09-13 09:30,1.638
2026-09-13 09:45,1.875
2026-09-13 10:00,1.802
2026-09-13 10:15,1.817
2026-09-13 10:30,1.881
2026-09-13 10:45,1.807
2026-09-13 11:00,1.644
2026-09-13 11:15,1.716
2026-09-13 11:30,1.734
2026-09-13 11:45,1.683
2026-09-13 12:00,1.645
2026-09-13 12:15,1.722
2026-09-13 12:30,1.837
2026-09-13 12:45,1.793
2026-09-13 13:00,1.804
2026-09-13 13:15,1.844
2026-09-13 13:30,1.856
2026-09-13 13:45,1.761
2026-09-13 14:00,1.601
2026-09-13 14:15,1.703
2026-09-13 14:30,1.888
2026-09-13 14:45,1.800
2026-09-13 15:00,1.821
2026-09-13 15:15,1.849
2026-09-13 15:30,1.720
2026-09-13 15:45,1.831
2026-09-13 16:00,1.708
2026-09-13 16:15,1.761
2026-09-13 16:30,1.604
2026-09-13 16:45,1.768
2026-09-13 17:00,1.601
2026-09-13 17:15,1.754
2026-09-13 17:30,1.747
2026-09-13 17:45,1.716
2026-09-13 18:00,1.647
2026-09-13 18:15,1.749
2026-09-13 18:30,1.656
2026-09-13 18:45,1.759
2026-09-13 19:00,1.630
2026-09-13 19:15,1.607
2026-09-13 19:30,1.831
2026-09-13 19:45,1.769
2026-09-13 20:00,1.842
2026-09-13 20:15,1.857
2026-09-13 20:30,1.801
2026-09-13 20:45,1.823
2026-09-13 21:00,1.850
2026-09-13 21:15,1.716
2026-09-13 21:30,1.872
2026-09-13 21:45,1.712
2026-09-13 22:00,1.712
2026-09-13 22:15,1.609
2026-09-13 22:30,1.625
2026-09-13 22:45,1.630
2026-09-13 23:00,1.609
2026-09-13 23:15,1.773
2026-09-13 23:30,1.803
2026-09-13 23:45,1.660
2026-09-14 00:00,1.602
2026-09-14 00:15,1.612
2026-09-14 00:30,1.807
2026-09-14 00:45,1.890
2026-09-14 01:00,1.866
2026-09-14 01:15,1.846
2026-09-14 01:30,1.883
2026-09-14 01:45,1.821
2026-09-14 02:00,1.766
2026-09-14 02:15,1.786
2026-09-14 02:30,1.620
2026-09-14 02:45,1.708
2026-09-14 03:00,1.742
2026-09-14 03:15,1.758
2026-09-14 03:30,1.754
2026-09-14 03:45,1.778
2026-09-14 04:00,1.792
2026-09-14 04:15,1.751
2026-09-14 04:30,1.818
2026-09-14 04:45,1.702
2026-09-14 05:00,1.857
2026-09-14 05:15,1.604
2026-09-14 05:30,1.612
2026-09-14 05:45,1.800
2026-09-14 06:00,1.894
2026-09-14 06:15,1.661
2026-09-14 06:30,1.603
2026-09-14 06:45,1.665
2026-09-14 07:00,1.612
2026-09-14 07:15,1.734
2026-09-14 07:30,1.802
2026-09-14 07:45,1.785
2026-09-14 08:00,7.572
2026-09-14 08:15,7.671
2026-09-14 08:30,7.751
2026-09-14 08:45,7.576
2026-09-14 09:00,7.767
2026-09-14 09:15,8.445
2026-09-14 09:30,8.490
2026-09-14 09:45,8.399
2026-09-14 10:00,8.807
2026-09-14 10:15,8.685
2026-09-14 10:30,9.532
2026-09-14 10:45,9.489
2026-09-14 11:00,9.568
2026-09-14 11:15,10.167
2026-09-14 11:30,10.402
2026-09-14 11:45,9.617
2026-09-14 12:00,9.976
2026-09-14 12:15,9.754
2026-09-14 12:30,9.941
2026-09-14 12:45,10.296
2026-09-14 13:00,10.197
2026-09-14 13:15,9.806
2026-09-14 13:30,9.712
2026-09-14 13:45,10.574
2026-09-14 14:00,10.556
2026-09-14 14:15,10.098
2026-09-14 14:30,9.787
2026-09-14 14:45,9.801
2026-09-14 15:00,10.092
2026-09-14 15:15,9.403
2026-09-14 15:30,9.845
2026-09-14 15:45,9.671
2026-09-14 16:00,9.176
2026-09-14 16:15,9.349
2026-09-14 16:30,8.749
2026-09-14 16:45,8.222
2026-09-14 17:00,8.966
2026-09-14 17:15,8.715
2026-09-14 17:30,8.613
2026-09-14 17:45,7.819
2026-09-14 18:00,8.004
2026-09-14 18:15,7.551
2026-09-14 18:30,2.992
2026-09-14 18:45,2.891
2026-09-14 19:00,2.737
2026-09-14 19:15,2.493
2026-09-14 19:30,2.585
2026-09-14 19:45,2.419
2026-09-14 20:00,2.142
2026-09-14 20:15,2.072
2026-09-14 20:30,1.882
2026-09-14 20:45,1.976
2026-09-14 21:00,1.665
2026-09-14 21:15,1.709
2026-09-14 21:30,1.861
2026-09-14 21:45,1.810
2026-09-14 22:00,1.822
2026-09-14 22:15,1.630
2026-09-14 22:30,1.801
2026-09-14 22:45,1.843
2026-09-14 23:00,1.600
2026-09-14 23:15,1.820
2026-09-14 23:30,1.720
2026-09-14 23:45,1.655
2026-09-15 00:00,1.606
2026-09-15 00:15,1.668
2026-09-15 00:30,1.738
2026-09-15 00:45,1.896
2026-09-15 01:00,1.779
2026-09-15 01:15,1.789
2026-09-15 01:30,1.611
2026-09-15 01:45,1.726
2026-09-15 02:00,1.663
2026-09-15 02:15,1.887
2026-09-15 02:30,1.630
2026-09-15 02:45,1.670
2026-09-15 03:00,1.793
2026-09-15 03:15,1.684
2026-09-15 03:30,1.884
2026-09-15 03:45,1.648
2026-09-15 04:00,1.669
2026-09-15 04:15,1.851
2026-09-15 04:30,1.723
2026-09-15 04:45,1.896
2026-09-15 05:00,1.681
2026-09-15 05:15,1.612
2026-09-15 05:30,1.846
2026-09-15 05:45,1.727
2026-09-15 06:00,1.712
2026-09-15 06:15,1.872
2026-09-15 06:30,1.789
2026-09-15 06:45,1.813
2026-09-15 07:00,1.802
2026-09-15 07:15,1.702
2026-09-15 07:30,1.867
2026-09-15 07:45,1.819
2026-09-15 08:00,7.122
2026-09-15 08:15,7.316
2026-09-15 08:30,7.873
2026-09-15 08:45,7.428
2026-09-15 09:00,8.675
2026-09-15 09:15,8.441
2026-09-15 09:30,8.614
2026-09-15 09:45,9.134
2026-09-15 10:00,9.069
2026-09-15 10:15,9.460
2026-09-15 10:30,9.680
2026-09-15 10:45,9.874
2026-09-15 11:00,9.511
2026-09-15 11:15,10.142
2026-09-15 11:30,9.984
2026-09-15 11:45,9.924
2026-09-15 12:00,9.564
2026-09-15 12:15,9.733
2026-09-15 12:30,9.762
2026-09-15 12:45,9.764
2026-09-15 13:00,10.461
2026-09-15 13:15,10.056
2026-09-15 13:30,10.001
2026-09-15 13:45,10.482
2026-09-15 14:00,10.321
2026-09-15 14:15,10.725
2026-09-15 14:30,9.838
2026-09-15 14:45,10.036
2026-09-15 15:00,9.747
2026-09-15 15:15,9.488
2026-09-15 15:30,9.651
2026-09-15 15:45,8.985
2026-09-15 16:00,9.215
2026-09-15 16:15,9.557
2026-09-15 16:30,8.952
2026-09-15 16:45,8.838
2026-09-15 17:00,8.859
2026-09-15 17:15,8.333
2026-09-15 17:30,7.905
2026-09-15 17:45,7.771
2026-09-15 18:00,7.539
2026-09-15 18:15,7.602
2026-09-15 18:30,3.066
2026-09-15 18:45,2.718
2026-09-15 19:00,2.631
2026-09-15 19:15,2.681
2026-09-15 19:30,2.399
2026-09-15 19:45,2.375
2026-09-15 20:00,2.206
2026-09-15 20:15,2.163
2026-09-15 20:30,1.992
2026-09-15 20:45,1.816
2026-09-15 21:00,1.637
2026-09-15 21:15,1.720
2026-09-15 21:30,1.749
2026-09-15 21:45,1.826
2026-09-15 22:00,1.633
2026-09-15 22:15,1.846
2026-09-15 22:30,1.643
2026-09-15 22:45,1.872
2026-09-15 23:00,1.721
2026-09-15 23:15,1.778
2026-09-15 23:30,1.761
2026-09-15 23:45,1.739
2026-09-16 00:00,1.769
2026-09-16 00:15,1.601
2026-09-16 00:30,1.730
2026-09-16 00:45,1.873
2026-09-16 01:00,1.736
2026-09-16 01:15,1.816
2026-09-16 01:30,1.750
2026-09-16 01:45,1.614
2026-09-16 02:00,1.740
2026-09-16 02:15,1.733
2026-09-16 02:30,1.891
2026-09-16 02:45,1.730
2026-09-16 03:00,1.715
2026-09-16 03:15,1.664
2026-09-16 03:30,1.631
2026-09-16 03:45,1.730
2026-09-16 04:00,1.829
2026-09-16 04:15,1.685
2026-09-16 04:30,1.895
2026-09-16 04:45,1.661
2026-09-16 05:00,1.678
2026-09-16 05:15,1.864
2026-09-16 05:30,1.785
2026-09-16 05:45,1.880
2026-09-16 06:00,1.850
2026-09-16 06:15,1.865
2026-09-16 06:30,1.726
2026-09-16 06:45,1.676
2026-09-16 07:00,1.749
2026-09-16 07:15,1.664
2026-09-16 07:30,1.823
2026-09-16 07:45,1.793
2026-09-16 08:00,7.502
2026-09-16 08:15,7.975
2026-09-16 08:30,7.909
2026-09-16 08:45,8.076
2026-09-16 09:00,8.002
2026-09-16 09:15,8.927
2026-09-16 09:30,8.677
2026-09-16 09:45,8.533
2026-09-16 10:00,8.842
2026-09-16 10:15,9.428
2026-09-16 10:30,9.132
2026-09-16 10:45,9.847
2026-09-16 11:00,9.664
2026-09-16 11:15,9.998
2026-09-16 11:30,9.332
2026-09-16 11:45,10.065
2026-09-16 12:00,9.531
2026-09-16 12:15,10.258
2026-09-16 12:30,10.166
2026-09-16 12:45,9.774
2026-09-16 13:00,10.025
2026-09-16 13:15,10.065
2026-09-16 13:30,10.275
2026-09-16 13:45,9.993
2026-09-16 14:00,10.252
2026-09-16 14:15,10.538
2026-09-16 14:30,10.429
2026-09-16 14:45,10.310
2026-09-16 15:00,10.026
2026-09-16 15:15,9.400
2026-09-16 15:30,9.655
2026-09-16 15:45,9.105
2026-09-16 16:00,9.299
2026-09-16 16:15,9.501
2026-09-16 16:30,9.083
2026-09-16 16:45,8.505
2026-09-16 17:00,8.908
2026-09-16 17:15,8.187
2026-09-16 17:30,8.402
2026-09-16 17:45,7.692
2026-09-16 18:00,7.865
2026-09-16 18:15,7.297
2026-09-16 18:30,3.070
2026-09-16 18:45,2.968
2026-09-16 19:00,2.623
2026-09-16 19:15,2.687
2026-09-16 19:30,2.606
2026-09-16 19:45,2.459
2026-09-16 20:00,2.134
2026-09-16 20:15,2.026
2026-09-16 20:30,1.878
2026-09-16 20:45,1.825
2026-09-16 21:00,1.808
2026-09-16 21:15,1.877
2026-09-16 21:30,1.607
2026-09-16 21:45,1.858
2026-09-16 22:00,1.749
2026-09-16 22:15,1.617
2026-09-16 22:30,1.612
2026-09-16 22:45,1.729
2026-09-16 23:00,1.777
2026-09-16 23:15,1.601
2026-09-16 23:30,1.718
2026-09-16 23:45,1.728
2026-09-17 00:00,1.691
2026-09-17 00:15,1.734
2026-09-17 00:30,1.812
2026-09-17 00:45,1.669
2026-09-17 01:00,1.602
2026-09-17 01:15,1.890
2026-09-17 01:30,1.838
2026-09-17 01:45,1.813
2026-09-17 02:00,1.878
2026-09-17 02:15,1.718
2026-09-17 02:30,1.659
2026-09-17 02:45,1.708
2026-09-17 03:00,1.614
2026-09-17 03:15,1.820
2026-09-17 03:30,1.900
2026-09-17 03:45,1.898
2026-09-17 04:00,1.657
2026-09-17 04:15,1.735
2026-09-17 04:30,1.773
2026-09-17 04:45,1.718
2026-09-17 05:00,1.662
2026-09-17 05:15,1.840
2026-09-17 05:30,1.829
2026-09-17 05:45,1.723
2026-09-17 06:00,1.609
2026-09-17 06:15,1.779
2026-09-17 06:30,1.670
2026-09-17 06:45,1.677
2026-09-17 07:00,1.878
2026-09-17 07:15,1.777
2026-09-17 07:30,1.865
2026-09-17 07:45,1.608
2026-09-17 08:00,7.491
2026-09-17 08:15,7.043
2026-09-17 08:30,7.900
2026-09-17 08:45,8.326
2026-09-17 09:00,7.849
2026-09-17 09:15,7.910
2026-09-17 09:30,8.911
2026-09-17 09:45,9.017
2026-09-17 10:00,8.729
2026-09-17 10:15,8.910
2026-09-17 10:30,9.157
2026-09-17 10:45,9.307
2026-09-17 11:00,9.196
2026-09-17 11:15,10.128
2026-09-17 11:30,9.604
2026-09-17 11:45,10.048
2026-09-17 12:00,10.189
2026-09-17 12:15,10.418
2026-09-17 12:30,10.034
2026-09-17 12:45,10.753
2026-09-17 13:00,10.346
2026-09-17 13:15,10.268
2026-09-17 13:30,10.461
2026-09-17 13:45,10.697
2026-09-17 14:00,10.683
2026-09-17 14:15,9.980
2026-09-17 14:30,9.853
2026-09-17 14:45,9.335
2026-09-17 15:00,10.337
2026-09-17 15:15,10.264
2026-09-17 15:30,9.695
2026-09-17 15:45,9.790
2026-09-17 16:00,8.817
2026-09-17 16:15,9.746
2026-09-17 16:30,8.719
2026-09-17 16:45,8.830
2026-09-17 17:00,8.691
2026-09-17 17:15,8.752
2026-09-17 17:30,7.567
2026-09-17 17:45,7.677
2026-09-17 18:00,7.570
2026-09-17 18:15,7.743
2026-09-17 18:30,2.815
2026-09-17 18:45,2.915
2026-09-17 19:00,2.619
2026-09-17 19:15,2.494
2026-09-17 19:30,2.565
2026-09-17 19:45,2.334
2026-09-17 20:00,2.128
2026-09-17 20:15,1.968
2026-09-17 20:30,1.910
2026-09-17 20:45,1.794
2026-09-17 21:00,1.716
2026-09-17 21:15,1.803
2026-09-17 21:30,1.816
2026-09-17 21:45,1.787
2026-09-17 22:00,1.679
2026-09-17 22:15,1.681
2026-09-17 22:30,1.674
2026-09-17 22:45,1.797
2026-09-17 23:00,1.628
2026-09-17 23:15,1.635
2026-09-17 23:30,1.610
2026-09-17 23:45,1.769
2026-09-18 00:00,1.778
2026-09-18 00:15,1.653
2026-09-18 00:30,1.788
2026-09-18 00:45,1.728
2026-09-18 01:00,1.658
2026-09-18 01:15,1.634
2026-09-18 01:30,1.647
2026-09-18 01:45,1.829
2026-09-18 02:00,1.759
2026-09-18 02:15,1.878
2026-09-18 02:30,1.824
2026-09-18 02:45,1.816
2026-09-18 03:00,1.650
2026-09-18 03:15,1.663
2026-09-18 03:30,1.661
2026-09-18 03:45,1.661
2026-09-18 04:00,1.718
2026-09-18 04:15,1.850
2026-09-18 04:30,1.662
2026-09-18 04:45,1.723
2026-09-18 05:00,1.810
2026-09-18 05:15,1.767
2026-09-18 05:30,1.624
2026-09-18 05:45,1.853
2026-09-18 06:00,1.691
2026-09-18 06:15,1.682
2026-09-18 06:30,1.698
2026-09-18 06:45,1.662
2026-09-18 07:00,1.777
2026-09-18 07:15,1.799
2026-09-18 07:30,1.839
2026-09-18 07:45,1.831
2026-09-18 08:00,6.720
2026-09-18 08:15,7.112
2026-09-18 08:30,8.071
2026-09-18 08:45,8.186
2026-09-18 09:00,8.732
2026-09-18 09:15,8.632
2026-09-18 09:30,8.746
2026-09-18 09:45,8.823
2026-09-18 10:00,8.701
2026-09-18 10:15,8.855
2026-09-18 10:30,9.261
2026-09-18 10:45,8.966
2026-09-18 11:00,9.219
2026-09-18 11:15,9.435
2026-09-18 11:30,10.206
2026-09-18 11:45,9.539
2026-09-18 12:00,10.577
2026-09-18 12:15,10.096
2026-09-18 12:30,10.054
2026-09-18 12:45,9.864
2026-09-18 13:00,10.278
2026-09-18 13:15,9.929
2026-09-18 13:30,10.243
2026-09-18 13:45,10.247
2026-09-18 14:00,10.298
2026-09-18 14:15,10.100
2026-09-18 14:30,9.488
2026-09-18 14:45,10.252
2026-09-18 15:00,9.955
2026-09-18 15:15,9.370
2026-09-18 15:30,10.030
2026-09-18 15:45,9.614
2026-09-18 16:00,9.332
2026-09-18 16:15,9.465
2026-09-18 16:30,9.010
2026-09-18 16:45,9.238
2026-09-18 17:00,8.916
2026-09-18 17:15,8.807
2026-09-18 17:30,7.890
2026-09-18 17:45,7.878
2026-09-18 18:00,8.226
2026-09-18 18:15,7.698
2026-09-18 18:30,2.829
2026-09-18 18:45,2.746
2026-09-18 19:00,2.843
2026-09-18 19:15,2.549
2026-09-18 19:30,2.320
2026-09-18 19:45,2.347
2026-09-18 20:00,2.154
2026-09-18 20:15,2.175
2026-09-18 20:30,1.922
2026-09-18 20:45,1.733
2026-09-18 21:00,1.757
2026-09-18 21:15,1.755
2026-09-18 21:30,1.686
2026-09-18 21:45,1.611
2026-09-18 22:00,1.721
2026-09-18 22:15,1.848
2026-09-18 22:30,1.843
2026-09-18 22:45,1.844
2026-09-18 23:00,1.715
2026-09-18 23:15,1.698
2026-09-18 23:30,1.848
2026-09-18 23:45,1.707
2026-09-19 00:00,2.527
2026-09-19 00:15,2.568
2026-09-19 00:30,2.689
2026-09-19 00:45,2.688
2026-09-19 01:00,2.736
2026-09-19 01:15,2.606
2026-09-19 01:30,2.680
2026-09-19 01:45,2.554
2026-09-19 02:00,2.583
2026-09-19 02:15,2.754
2026-09-19 02:30,2.678
2026-09-19 02:45,2.632
2026-09-19 03:00,2.619
2026-09-19 03:15,2.788
2026-09-19 03:30,2.609
2026-09-19 03:45,2.555
2026-09-19 04:00,2.650
2026-09-19 04:15,2.789
2026-09-19 04:30,2.767
2026-09-19 04:45,2.650
2026-09-19 05:00,2.743
2026-09-19 05:15,2.572
2026-09-19 05:30,2.684
2026-09-19 05:45,2.748
2026-09-19 06:00,2.615
2026-09-19 06:15,2.560
2026-09-19 06:30,2.712
2026-09-19 06:45,2.794
2026-09-19 07:00,2.612
2026-09-19 07:15,2.613
2026-09-19 07:30,2.777
2026-09-19 07:45,2.739
2026-09-19 08:00,2.554
2026-09-19 08:15,2.595
2026-09-19 08:30,2.641
2026-09-19 08:45,2.752
2026-09-19 09:00,2.683
2026-09-19 09:15,2.753
2026-09-19 09:30,2.694
2026-09-19 09:45,2.695
2026-09-19 10:00,2.684
2026-09-19 10:15,2.605
2026-09-19 10:30,2.696
2026-09-19 10:45,2.551
2026-09-19 11:00,2.574
2026-09-19 11:15,2.701
2026-09-19 11:30,2.546
2026-09-19 11:45,2.720
2026-09-19 12:00,2.692
2026-09-19 12:15,2.738
2026-09-19 12:30,2.736
2026-09-19 12:45,2.567
2026-09-19 13:00,2.666
2026-09-19 13:15,2.593
2026-09-19 13:30,2.552
2026-09-19 13:45,2.754
2026-09-19 14:00,2.713
2026-09-19 14:15,2.775
2026-09-19 14:30,2.649
2026-09-19 14:45,2.688
2026-09-19 15:00,2.755
2026-09-19 15:15,2.780
2026-09-19 15:30,2.621
2026-09-19 15:45,2.533
2026-09-19 16:00,2.746
2026-09-19 16:15,2.704
2026-09-19 16:30,2.634
2026-09-19 16:45,2.595
2026-09-19 17:00,2.545
2026-09-19 17:15,2.746
2026-09-19 17:30,2.613
2026-09-19 17:45,2.761
2026-09-19 18:00,2.543
2026-09-19 18:15,2.672
2026-09-19 18:30,2.524
2026-09-19 18:45,2.564
2026-09-19 19:00,2.635
2026-09-19 19:15,2.731
2026-09-19 19:30,2.745
2026-09-19 19:45,2.653
2026-09-19 20:00,1.869
2026-09-19 20:15,1.805
2026-09-19 20:30,1.711
2026-09-19 20:45,1.821
2026-09-19 21:00,1.858
2026-09-19 21:15,1.874
2026-09-19 21:30,1.776
2026-09-19 21:45,1.868
2026-09-19 22:00,1.638
2026-09-19 22:15,1.623
2026-09-19 22:30,1.894
2026-09-19 22:45,1.814
2026-09-19 23:00,1.666
2026-09-19 23:15,1.888
2026-09-19 23:30,1.864
2026-09-19 23:45,1.864
2026-09-20 00:00,1.846
2026-09-20 00:15,1.639
2026-09-20 00:30,1.744
2026-09-20 00:45,1.797
2026-09-20 01:00,1.858
2026-09-20 01:15,1.703
2026-09-20 01:30,1.870
2026-09-20 01:45,1.761
2026-09-20 02:00,1.812
2026-09-20 02:15,1.753
2026-09-20 02:30,1.687
2026-09-20 02:45,1.796
2026-09-20 03:00,1.808
2026-09-20 03:15,1.736
2026-09-20 03:30,1.879
2026-09-20 03:45,1.754
2026-09-20 04:00,1.620
2026-09-20 04:15,1.742
2026-09-20 04:30,1.887
2026-09-20 04:45,1.674
2026-09-20 05:00,1.735
2026-09-20 05:15,1.622
2026-09-20 05:30,1.783
2026-09-20 05:45,1.863
2026-09-20 06:00,1.633
2026-09-20 06:15,1.611
2026-09-20 06:30,1.859
2026-09-20 06:45,1.601
2026-09-20 07:00,1.764
2026-09-20 07:15,1.750
2026-09-20 07:30,1.632
2026-09-20 07:45,1.773
2026-09-20 08:00,1.756
2026-09-20 08:15,1.663
2026-09-20 08:30,1.809
2026-09-20 08:45,1.787
2026-09-20 09:00,1.855
2026-09-20 09:15,1.646
2026-09-20 09:30,1.899
2026-09-20 09:45,1.815
2026-09-20 10:00,1.676
2026-09-20 10:15,1.761
2026-09-20 10:30,1.825
2026-09-20 10:45,1.827
2026-09-20 11:00,1.897
2026-09-20 11:15,1.855
2026-09-20 11:30,1.610
2026-09-20 11:45,1.782
2026-09-20 12:00,1.722
2026-09-20 12:15,1.739
2026-09-20 12:30,1.603
2026-09-20 12:45,1.866
2026-09-20 13:00,1.643
2026-09-20 13:15,1.723
2026-09-20 13:30,1.815
2026-09-20 13:45,1.894
2026-09-20 14:00,1.896
2026-09-20 14:15,1.841
2026-09-20 14:30,1.634
2026-09-20 14:45,1.793
2026-09-20 15:00,1.857
2026-09-20 15:15,1.691
2026-09-20 15:30,1.845
2026-09-20 15:45,1.873
2026-09-20 16:00,1.607
2026-09-20 16:15,1.835
2026-09-20 16:30,1.831
2026-09-20 16:45,1.735
2026-09-20 17:00,1.884
2026-09-20 17:15,1.844
2026-09-20 17:30,1.615
2026-09-20 17:45,1.643
2026-09-20 18:00,1.854
2026-09-20 18:15,1.868
2026-09-20 18:30,1.626
2026-09-20 18:45,1.699
2026-09-20 19:00,1.795
2026-09-20 19:15,1.773
2026-09-20 19:30,1.796
2026-09-20 19:45,1.831
2026-09-20 20:00,1.649
2026-09-20 20:15,1.729
2026-09-20 20:30,1.721
2026-09-20 20:45,1.644
2026-09-20 21:00,1.890
2026-09-20 21:15,1.715
2026-09-20 21:30,1.765
2026-09-20 21:45,1.631
2026-09-20 22:00,1.757
2026-09-20 22:15,1.791
2026-09-20 22:30,1.636
2026-09-20 22:45,1.819
2026-09-20 23:00,1.699
2026-09-20 23:15,1.786
2026-09-20 23:30,1.823
2026-09-20 23:45,1.623
